ad_id,subject,price,price_string,price_million_per_m2,size,land_area,length,width,rooms,toilets,floors,direction,property_legal_document,furnishing,house_type,property_type,category_name,area_name,ward_name,region_name,address,street_name,date,latitude,longitude,image,number_of_images,account_name,is_seller_verified,url
177303521,"Chính chủ cần bán gấp đất thổ cư 182,9m² Quận 12",6200000000,"6,2 tỷ",33.87978,183,,,,,,,,,,,Đất,Đất,Quận 12,Phường Thạnh Xuân,Tp Hồ Chí Minh,,TX33,7 giây trước,10.8834305,106.670395,https://cdn.chotot.com/W_62HCWxMDmoeeFHTXuJUCRIx5eonu3hOpkB56zsVTI/preset:listing/plain/67e9b7605f3cf197969ea1e98a57fed0-2992216979731194016.jpg,8,hà hữu ,False,https://www.nhatot.com/133431549.htm
178126675,Chính chủ bán căn hộ Chung cư số 4 Phan Chu Trinh Bình Thạnh dt 62m2,3690000000,"3,69 tỷ",59.51613,62,,,,2,1,,,,,,Căn hộ/Chung cư,Căn hộ/Chung cư,Quận Bình Thạnh,Phường 12,Tp Hồ Chí Minh,,Đường Phan Chu Trinh,24 giây trước,10.803685,106.70159,https://cdn.chotot.com/Ay2QWPISK61fs_J2RixKNRw5jIJB8tV1KWG9hx3Fo_I/preset:listing/plain/a13e37ffc8a8d81a50edc5005d9befc0-2997576675742905035.jpg,8,Nguyễn Đình Điển,False,https://www.nhatot.com/134137809.htm
178019700,Bán đất nền xã Hòa Tịnh - Huyện Mang Thít - Tỉnh Vĩnh Long ,399950000,"399,95 triệu",2.8877256,138.5,,27,5,,,,,,,,Đất,Đất,Huyện Mang Thít,Xã Hòa Tịnh,Vĩnh Long,,Đường,38 giây trước,10.2093525,106.04639,https://cdn.chotot.com/9l74Pv-IsfyJ3fr0y_mKbyWvuOPw9xv4i7R3pNCl4t0/preset:listing/plain/5c767876e08ed33fbafd46dd5e385baa-2996962577625096090.jpg,8,Ngọc Võ,False,https://www.nhatot.com/134046936.htm
178062796,Bán đất tặng nhà cấp 4,11000000000,11 tỷ,157.14285,70,,17.5,4,2,,,2,,,,Nhà ở,Nhà ở,Quận Ngũ Hành Sơn,Phường Mỹ An,Đà Nẵng,,Đường Mỹ Đa Đông 5,38 giây trước,16.04769,108.24665,https://cdn.chotot.com/GqA4gNIJ8KpfSSfrqKiiZ8WFWqKqeFus6zBcCm7xDyg/preset:listing/plain/6ca3d784624015fec0849e43be03b41d-2997172339717282761.jpg,3,Trần Ngọc Thiện,False,https://www.nhatot.com/134083268.htm
178078629,Tài chính chỉ khoảng hơn tỷ là sở hữu ngay lô đất 157m2 tại Hòa Nghĩa,1300000000,"1,3 tỷ",19.25926,67.5,,11,5.8,,,,6,,,,Đất,Đất,Quận Dương Kinh,Phường Hoà Nghĩa,Hải Phòng,,Phố Hoà Nghĩa,38 giây trước,20.775719,106.71835,https://cdn.chotot.com/ecIQZc7RGZ4ITjkKlPTIXgOQvAQ4VqC2XOMkebHKdTU/preset:listing/plain/fe8287f2a99bd3bb147e4085334b40f9-2997283249383245289.jpg,4,Dai Nguyen,False,https://www.nhatot.com/134096575.htm
178031687,"Bán nhà- Dragon Village - Căn góc 2 mặt tiền - 160m² - 11,5 tỷ",11500000000,"11,5 tỷ",71.875,160,,15,11.5,2,2,3,8,,,,Nhà ở,Nhà ở,Thành phố Thủ Đức,Phường Phú Hữu (Quận 9 cũ),Tp Hồ Chí Minh,,990,38 giây trước,10.79352,106.80008,https://cdn.chotot.com/xCsZTiEean24LrkfaVmVsAeBv3NcBAIOsfi7jTcXOys/preset:listing/plain/f87171efc849a404b345881179d480c4-2997002517867175798.jpg,8,Quốc Đại Tạ,False,https://www.nhatot.com/134057886.htm
173498490,Cần bán gấp căn góc cao ốc An Khánh view đẹp,5250000000,"5,25 tỷ",59.659092,88,,,,2,2,,6,,,,Căn hộ/Chung cư,Căn hộ/Chung cư,Thành phố Thủ Đức,Phường An Phú (Quận 2 cũ),Tp Hồ Chí Minh,,Đường Song Hành,43 giây trước,10.800222,106.73834,https://cdn.chotot.com/19ubAj7X6dVn3lLyz3yQrPAaJkNdvwMocY4I6E828cA/preset:listing/plain/3dff433d8f15474d18d11b7dc021791c-2966073954243525845.jpg,12,Dưỡng,False,https://www.nhatot.com/130168792.htm
178126509,"BÁN ĐẤT ĐƯỜNG 7M5 NGUYỄN XIỂN,NGŨ HÀNH SƠN GIÁ 8 TỶ 5",8500000000,"8,5 tỷ",86.734695,98,,,5,,,,5,,,,Đất,Đất,Quận Ngũ Hành Sơn,Phường Khuê Mỹ,Đà Nẵng,,Đường Nguyễn Xiển,57 giây trước,16.015272,108.25553,https://cdn.chotot.com/BBPHymmwbSOJobWb7lI-_dQxdvCTfZT6rfG8sj_hDnA/preset:listing/plain/03913346c7ca496557334748c36f9539-2997576746228340946.jpg,3,T AN,False,https://www.nhatot.com/134137795.htm
173376742,"🐳★ Giá : 23.5tỷ Nhà đẹp, full nội thất Cityland park Hills",23500000000,"23,5 tỷ",235,100,,20,5,6,7,,3,,,,Nhà ở,Nhà ở,Quận Gò Vấp,Phường 10,Tp Hồ Chí Minh,,Phan Văn Trị,1 phút trước,10.83485,106.66716,https://cdn.chotot.com/n_1zHczWeTCBywoNbzx6ffxYVmFIFE5fzyZjcijhhkE/preset:listing/plain/b0b52039435c3127c7f2ab6227da2a68-2965259233476811631.jpg,5,Mr Thanh Nagoya ,False,https://www.nhatot.com/130063171.htm
177999252,"NHÀ 2 TẦNG HXH LÊ TRỌNG TẤN, TÂY THẠNH, TÂN PHÚ, 40 M2, GIÁ 4,2 TỶ",4200000000,"4,2 tỷ",105,40,,10,4,2,,2,,,,,Nhà ở,Nhà ở,Quận Tân Phú,Phường Tây Thạnh,Tp Hồ Chí Minh,,Đường Lê Trọng Tấn,1 phút trước,10.811305,106.6108,https://cdn.chotot.com/zn1eadHwaVSmW5W_ylePwibNr7x4lOAR6kBx8aI4l0I/preset:listing/plain/2bc00872231b731a8db354c26a4295bc-2996807118685532770.jpg,5,Hoàng Nhiệm,False,https://www.nhatot.com/134029104.htm
178126655,"Nhà mới đẹp 3 tầng 3PN đường xe hơi 5m Quốc lộ 1K, Linh Xuân, Thủ Đức.",2900000000,"2,9 tỷ",126.08696,23,,10,2.2999,3,,3,3,,,,Nhà ở,Nhà ở,Thành phố Thủ Đức,Phường Linh Xuân (Quận Thủ Đức cũ),Tp Hồ Chí Minh,,Đường Quốc lộ 1K,1 phút trước,10.875734,106.76607,https://cdn.chotot.com/EBPKWJSDRqOg5bw3Hnd-oKg5GS3ceraWxg5bt6TciN0/preset:listing/plain/66c6bac088f19c64dc1dc93e3b902810-2997577267286989010.jpg,5,Nguyễn Sơn,False,https://www.nhatot.com/134137788.htm
178053986,BÁN GẤP SAIGON ASIANA SỔ HỒNG 2PN HƯỚNG ĐÔNG 3.95,3950000000,"3,95 tỷ",58.088234,68,,,,2,,,,,,,Căn hộ/Chung cư,Căn hộ/Chung cư,Quận 6,Phường 12,Tp Hồ Chí Minh,,Nguyễn Văn Luông,2 phút trước,10.75054,106.63661,https://cdn.chotot.com/4aB41YnKP8jmSHrLLuG_YYnTLrf1IV_pfZyY13TTEHE/preset:listing/plain/eb9c9649dce35837aae147e3f85da8a2-2997134833509986914.jpg,8,MUA BÁN CHO THUÊ CĂN HỘ SÀI GÒN,False,https://www.nhatot.com/134075387.htm
178042923,🌺🌈CHÍNH CHỦ BÁN NHÀ TÂN MAI-BIÊN HOÀ.ĐANG CÓ DÒNG TIỀN CHO THUÊ!!,5500000000,"5,5 tỷ",52.38095,105,,18,5.5998,1,1,,,,,,Nhà ở,Nhà ở,Thành phố Biên Hòa,Phường Tân Mai,Đồng Nai,,Đường Phạm Văn Thuận,2 phút trước,10.954685,106.85198,https://cdn.chotot.com/-ZyT5iJIzCXJYawlFLK-wuPiuksJfB5_BR-g5EKy_3M/preset:listing/plain/76a8022e94f0d3aa36c1c26ea6793e1b-2997099248811906087.jpg,4,Hoàng,False,https://www.nhatot.com/134065828.htm
178022622,TRẦN BÌNH TRỌNG – PHƯỜNG CHỢ QUÁN – 5 TẦNG – NỘI THẤT CAO CẤP,9500000000,"9,5 tỷ",226.19048,42,,10.6998,3.9,5,3,5,3,,,,Nhà ở,Nhà ở,Quận 5,Phường 1,Tp Hồ Chí Minh,,Đường Trần Bình Trọng,2 phút trước,10.75233,106.68221,https://cdn.chotot.com/GkOIFgDM6oS-ka9_ECq6_kg5N5uNYnprj-H1X2yu4Xs/preset:listing/plain/f3ba484925ad58775e4863b64c8c3676-2996972205204045948.jpg,10,nguyen van tai,False,https://www.nhatot.com/134049131.htm
178081987,CHÍNH CHỦ GỬI BÁN NHÀ TẠI GÒ VẤP CHƯA QUA ĐẦU TƯ,5500000000,"5,5 tỷ",156.25,35.2,,9,3.5899,3,,2,8,,,,Nhà ở,Nhà ở,Quận Gò Vấp,Phường 16,Tp Hồ Chí Minh,,Hẻm 350 Nguyễn Văn Lượng,2 phút trước,10.840623,106.669586,https://cdn.chotot.com/YZ08TCnjED020Y9FvgMRuuBEkH7_DuxNGFt3k2Im7D8/preset:listing/plain/5cc797127eba638bb3c06802c7b030b2-2997294644120966480.jpg,5,Khanh Nhà Thật,False,https://www.nhatot.com/134099384.htm
178079725,cần bán nhà gấp,4900000000,"4,9 tỷ",56.712963,86.4,,,,3,2,2,,,,,Nhà ở,Nhà ở,Thành phố Dĩ An,Phường Tân Đông Hiệp,Bình Dương,,Đường Tân An,2 phút trước,10.911025,106.79115,,0,Chị Trâm,False,https://www.nhatot.com/134097434.htm
178126641,"HOT CĂN HỘ 1PN+ 98,2M2 SÂN VƯỜNG 44M2 FOURS TOWER GIÁ 2 TỶ8",2768000000,"2,768 tỷ",28.18743,98.1998,,,,2,1,,,,,,Căn hộ/Chung cư,Căn hộ/Chung cư,Quận Ngũ Hành Sơn,Phường Hoà Quý,Đà Nẵng,,"Phường Hòa Quý, Quận Ngũ Hành Sơn, Đà Nẵng",2 phút trước,16.010073,108.241394,https://cdn.chotot.com/zH6mOZa5KsxxVoeA2DKnQZkhNwVeUU0Ll8hcDuGmXW4/preset:listing/plain/cda55f9fbf983f4ca15eb1319fbf9062-2997576948674236121.jpg,7,NGUYỄN VĂN  KỲ BĐS ĐÀ NẴNG,False,https://www.nhatot.com/134137782.htm
176821151,"Nhà Ngang 5m, Khu Tên Lửa 5x19m, 3 tấm, 11,97 tỷ. Nhà mới, Gần Aeon",11970000000,"11,97 tỷ",126,95,,19,5,4,5,3,2,,,,Nhà ở,Nhà ở,Quận Bình Tân,Phường Bình Trị Đông B,Tp Hồ Chí Minh,,Đường Số 6,2 phút trước,10.754935,106.61923,https://cdn.chotot.com/tbioSK3a4YCkjW9nuM4oo3lInEf5KizO3Nri1_gfIDw/preset:listing/plain/b224d22ad8e8f851ee80a2c3cc0f85a6-2989134875057220071.jpg,8,Hoàng Nga BĐS Khu Tên Lửa,False,https://www.nhatot.com/133022702.htm
177295604,Cần bán ngay căn 1n+ 43m giá 2.8 tỷ tại Vinhomes Smartcity,2800000000,"2,8 tỷ",58.333332,48,,,,1,1,,,,,,Căn hộ/Chung cư,Căn hộ/Chung cư,Quận Nam Từ Liêm,Phường Tây Mỗ,Hà Nội,,Đại Mỗ,2 phút trước,21.01006,105.7404,https://cdn.chotot.com/4SpngRg4nLdHOvegC7sXwx-F2dV6W1puKP2NvD5M9-g/preset:listing/plain/b99dccd17ac4e4545dab937611e06a88-2992187596645454953.jpg,6,Hoàng Thùy Linh,False,https://www.nhatot.com/133424590.htm
177576993,"Bán nhà chính chủ- Hướng ĐB - có sổ hồng tại P.6, quận Tân Bình (cũ) ",6100000000,"6,1 tỷ",169.44444,36,,11,3.2,4,,2,,,,,Nhà ở,Nhà ở,Quận Tân Bình,Phường 6,Tp Hồ Chí Minh,,Lộc Vinh,2 phút trước,10.783789,106.65826,https://cdn.chotot.com/UeWB04hv_96GqSA-EiCbEPrbx-3q9xhFUqF1WIlLZU4/preset:listing/plain/c90bd4bffd8e0af2494d529a7ffcc6ce-2994065568522566847.jpg,3,Ánh Khuyên,False,https://www.nhatot.com/133686705.htm
177800816,Cần bán căn hộ chung cư Cây Mai  Tầng trệt mặt tiền Đường 10m ,4900000000,"4,9 tỷ",75.38461,65,,,,2,2,,,,,,Căn hộ/Chung cư,Căn hộ/Chung cư,Quận 11,Phường 16,Tp Hồ Chí Minh,,Nguyễn Thị Nhỏ,3 phút trước,10.75627,106.6511,https://cdn.chotot.com/JvIP5nZYNRntRaFIvbXR2ExOSwT0LQ1kPLiBvwe03as/preset:listing/plain/79c315f1a4d15d121f955f49fa5a1dd3-2995509872189607214.jpg,6,BĐS Trần Tiến ,False,https://www.nhatot.com/133859717.htm
178036669,CHÍNH CHỦ BÁN CHARM CITY – 70M² – 2PN – 2WC – VIEW LANDMARK 81,2400000000,"2,4 tỷ",34.285713,70,,,,2,2,,5,,,,Căn hộ/Chung cư,Căn hộ/Chung cư,Thành phố Dĩ An,Phường Dĩ An,Bình Dương,,Tỉnh lộ 743C,3 phút trước,10.90704,106.76897,https://cdn.chotot.com/k-CjbYSOjXKiXvzk8ITOxXhs987Ww63SVzQwHUOXXXM/preset:listing/plain/8ad45657b3a6ec94968597dc26be703f-2997025239351685730.jpg,6,Khởi Long,False,https://www.nhatot.com/134061111.htm
178041838,1 lô ngay khu cn  giá ngộp,250000000,250 triệu,1,250,,50,5,,,,3,,,,Đất,Đất,Huyện Chơn Thành,Xã Minh Hưng,Bình Phước,,ql 13,3 phút trước,11.482726,106.61734,https://cdn.chotot.com/LnCH2AdO8ScyknRDCMsItX0OWsq17pzCcAm4s2qNC14/preset:listing/plain/bef0fd1461bedf9868eba54468225f81-2997091468239324827.jpg,5,Hương,False,https://www.nhatot.com/134065334.htm
178093571,Nhà 1 trệt 1 lầu cao cấp Kdc Hồng Loan,5250000000,"5,25 tỷ",65.625,80,,16,5,3,3,2,8,,,,Nhà ở,Nhà ở,Quận Cái Răng,Phường Hưng Thạnh,Cần Thơ,,D4,3 phút trước,9.994971,105.7762,https://cdn.chotot.com/UGqc0fAoZDWqWCRcp4lLBBYWi2oocAchLNhOzbB_nR4/preset:listing/plain/4e003c8f6a556c840dda3f1357a4ebab-2997400048518769500.jpg,10,Nguyễn Thị Diệu Hiền,False,https://www.nhatot.com/134109536.htm
177879208,Bán kho xưởng mặt tiền đường Trần Văn Giàu,20000000000,20 tỷ,29.67359,674,,45,15,4,2,2,,,,,Nhà ở,Nhà ở,Huyện Bình Chánh,Xã Lê Minh Xuân,Tp Hồ Chí Minh,,Đường Trần Văn Giàu,3 phút trước,10.770582,106.55173,https://cdn.chotot.com/yJgYkgRVXSavTbUbMP2qVDUFztZ5TPkbYG5jJakgqOY/preset:listing/plain/cffb30849792a2fedaa4015d5231036b-2996012067147204068.jpg,3,TRẦN QUÝ HẬU,False,https://www.nhatot.com/133927446.htm
178126614,VINHOMES SAIGON PARK – CĂN LIỀN KỀ AS72-24,5235000000,"5,235 tỷ",104.7,50,,10,5,5,4,4,,,,,Nhà ở,Nhà ở,Huyện Hóc Môn,Xã Xuân Thới Sơn,Tp Hồ Chí Minh,,"Đường Xuân Thới Sơn 12, Xã Xuân Thới Đông, Huyện Hóc Môn, Thành phố Hồ Chí Minh, Việt Nam",3 phút trước,10.909443,106.55386,https://cdn.chotot.com/mxBiwEICcenbX1HV6WCxgYkkaNug4y6MGUWOvL4cubw/preset:listing/plain/2ccf0f074c3c3a3791ce9b78fe164042-2997577190678747525.jpg,7,Thanh Trầm,False,https://www.nhatot.com/134137755.htm
173721191,"Bán căn hộ Bcons Polygon căn. 1PN 1,8 tỷ. 2PN 2,350 tỷ. Bao sang sổ",1800000000,"1,8 tỷ",40.909092,44,,,,2,2,,3,,,,Căn hộ/Chung cư,Căn hộ/Chung cư,Thành phố Dĩ An,Phường An Bình,Bình Dương,,Liêu Xá,3 phút trước,10.87574,106.75495,https://cdn.chotot.com/fZZkOXpDQAxd_luletj3JlIt4H5cGmwGIYyCboas0Lk/preset:listing/plain/65bada82844623e5d680fecb4dd0af12-2967548684958123115.jpg,7,Dương Thu,False,https://www.nhatot.com/130363001.htm
178126500,"Chỉ với 80tỷ ỡ hữu ngay kiệt tác ""quiet luxury"" tại trung tâm quận 2",80000000000,80 tỷ,198.0198,404,,24.5,16.5,5,4,3,,,,,Nhà ở,Nhà ở,Thành phố Thủ Đức,Phường Bình Trưng Tây (Quận 2 cũ),Tp Hồ Chí Minh,,Đường Lê Hữu Kiều,3 phút trước,10.781886,106.75011,https://cdn.chotot.com/andO2rCjnytbwtP4B-9Yk91okBKMuy5jhfguDU-5SuA/preset:listing/plain/d9a71658b28733e7720cd0496a637498-2997576344235628933.jpg,10,Lê thị thuý quyên,False,https://www.nhatot.com/134137744.htm
174760065,Đất cây hàng năm mặt tiền 15m đường nhựa,1600000000,"1,6 tỷ",2.259887,708,,47.5,15,,,,5,,,,Đất,Đất,Thị xã Kiến Tường,Xã Bình Hiệp,Long An,,Đường Liên Xã Bình Hiệp - Thạnh Trị,4 phút trước,10.824655,105.94061,https://cdn.chotot.com/G2jnFX-hJkuiG5mqgG7NYgd1o3audPVsB22x4bAd_lY/preset:listing/plain/190de56dd2e96a7ca26206c4cea8b6ae-2975871403134719685.jpg,7,Huỳnh Quốc Toàn,False,https://www.nhatot.com/131260890.htm
178064726,🔥NHỈNH 4 Tỷ - XE HƠI ĐẾN NHÀ - TÂN QUY Q7,4000000000,4 tỷ,125,32,,8,4,2,2,2,,,,,Nhà ở,Nhà ở,Quận 7,Phường Tân Quy,Tp Hồ Chí Minh,,Bế Văn Cấm ,5 phút trước,10.740958,106.7102,https://cdn.chotot.com/e2ipAboPxuxP6HYX2bUxklcPNQN8vczYhT1-CO_g_6E/preset:listing/plain/58ec90108c2c1b838f7a91c6cc06703e-2997185429577702345.jpg,4,Nguyễn Phú Quốc,False,https://www.nhatot.com/134084607.htm
178086064,"🔥 4.95 TỶ – NHÀ 3 TẦNG 4PN, SÂN RỘNG – HẺM XE HƠI NHỎ HUỲNH TẤN PHÁT",4950000000,"4,95 tỷ",128.57143,38.5,,11,3.5,4,3,3,,,,,Nhà ở,Nhà ở,Quận 7,Phường Tân Phú,Tp Hồ Chí Minh,,Đường Huỳnh Tấn Phát,5 phút trước,10.725961,106.73389,https://cdn.chotot.com/C8vHSVrDVJHY8ndZPaPdPzoDZLv3czVJLFNSLty4028/preset:listing/plain/590d59858d01ad15e025dfb429cc99e1-2997315769587927477.jpg,9,Trường Chuyên Nhà Phố Sài Gònn,False,https://www.nhatot.com/134102975.htm
178055075,Chính chủ bán căn nhà tâm huyết MT Bạch Đằng ngay Ngã tư Hàng Xanh,29000000000,29 tỷ,283.20312,102.4,,25,5.5,4,,2,5,,,,Nhà ở,Nhà ở,Quận Bình Thạnh,Phường 15,Tp Hồ Chí Minh,,Đường Bạch Đằng,5 phút trước,10.803144,106.70667,https://cdn.chotot.com/lEwPJ6dywxfk8ibzvoQn2mhqkc79odQFYMsFh9riQac/preset:listing/plain/bb3a76e2dc446b863e1effae358222d3-2997137492508602978.jpg,3,Saithanhreal,False,https://www.nhatot.com/134076381.htm
178068238,🔥 BÙI ĐÌNH TUÝ – BÌNH THẠNH – 56M² – 15 PHÒNG – DÒNG TIỀN 30TR/THÁNG 🔥,5700000000,"5,7 tỷ",101.78571,56,,13,4,11,7,3,,,,,Nhà ở,Nhà ở,Quận Bình Thạnh,Phường 12,Tp Hồ Chí Minh,,Đường Bùi Đình Tuý,5 phút trước,10.8081255,106.70639,https://cdn.chotot.com/zrkYu72Y0ba5nYDw0Ywc0nRc5mOtBuwPPF1-1mgrX_w/preset:listing/plain/4c15d4f5e93d85b68172e78d1777e08f-2997245285244361093.jpg,5,Trần Thái Hoà,False,https://www.nhatot.com/134087373.htm
174553027,Nhà Tân Bình 4.2x12m Ni Sư Huỳnh Liên Phường 10,5500000000,"5,5 tỷ",119.565216,46,,12,4.4,4,5,2,,,,,Nhà ở,Nhà ở,Quận Tân Bình,Phường 10,Tp Hồ Chí Minh,,Đường Ni Sư Huỳnh Liên,5 phút trước,10.785465,106.645584,https://cdn.chotot.com/zuoMmufluPp8-_NeTskNdjInoUW1hXWxRNNj4rS9Ye8/preset:listing/plain/c27edfb98a7f3bb86a83bedfb1d5a999-2994798371390346096.jpg,9,Phitran,False,https://www.nhatot.com/131083588.htm
178126554,🔥 KHU VIP TÂN KỲ TÂN QUÝ– 4x15M – 4 LẦU – DTS 254.4M² – CHỈ 9.5 TỶ,9500000000,"9,5 tỷ",166.66667,57,,15,4,4,,4,2,,,,Nhà ở,Nhà ở,Quận Tân Phú,Phường Tân Sơn Nhì,Tp Hồ Chí Minh,,Đường Tân Kỳ Tân Quý,5 phút trước,10.801903,106.625885,https://cdn.chotot.com/XXOowOVwCc5JoLGAkJIYWsohN1JCqE-osfpWwu3wMNc/preset:listing/plain/bf54d8b3276fe7a481507a59aac658d5-2997576956587604477.jpg,4,Nguyễn Minh Thiện,False,https://www.nhatot.com/134137708.htm
176532524,"ĐẤT NỀN MẶT TIỀN TỈNH LỘ 933C - LONG PHÚ, SÓC TRĂNG",6700000000,"6,7 tỷ",0.7882353,8500,,119,67,,,,1,,,,Đất,Đất,Huyện Long Phú,Thị trấn Long Phú,Sóc Trăng,,Đường ĐT. 933C,6 phút trước,9.5909,106.128876,https://cdn.chotot.com/uveyAGW2EyhtpVktvt0q86Mg2odzFFbRzWjOV7irVw8/preset:listing/plain/01e3667b0f317e0a75b913f04bf3efa5-2987250180225859516.jpg,3,Nhà Đất Sóc Trăng,False,https://www.nhatot.com/132776213.htm
178058346,"Bán căn hộ Habitat QL13 2pn 62m2 giá 2,43 tỷ",2430000000,"2,43 tỷ",39.19355,62,,,,2,2,,,,,,Căn hộ/Chung cư,Căn hộ/Chung cư,Thành phố Thuận An,Phường Bình Hòa,Bình Dương,,Hữu Nghị,6 phút trước,10.92473,106.72363,https://cdn.chotot.com/vowKXKLzmwD2ljEyavakarBVVKJWx77aDPr0ApzT8g8/preset:listing/plain/6ed6847be59b7001d2be78ed0a356abe-2997148567106024034.jpg,7,Mơ Nguyễn,False,https://www.nhatot.com/134082174.htm
177718003,NHANH MỚI KỊP DT 11 X 22M - NHÀ 3TẦNG + 10P TRỌ NGAY ĐẠI HỌC NGÂN HÀNG,16500000000,"16,5 tỷ",68.75,240,,22,11,11,,3,,,,,Nhà ở,Nhà ở,Thành phố Thủ Đức,Phường Linh Chiểu (Quận Thủ Đức cũ),Tp Hồ Chí Minh,,Đường Hoàng Diệu 2,6 phút trước,10.854226,106.76946,https://cdn.chotot.com/WGfgwG-tPadR8jxnYzZPRY8I3VWY4XWZvriRFOsGdzY/preset:listing/plain/17b0dd5e94ff082a145e283f3f4cc0fa-2994969771868560299.jpg,5,Nguyễn Năng Hương,False,https://www.nhatot.com/133789027.htm
174390674,Cần Bán (1PN-6tỷ5)(2PN-9tỷ)(3PN-15tỷ)(4PN-21tỷ) Vinhomes Central Park,9000000000,9 tỷ,105.882355,85,,,,2,2,,3,,,,Căn hộ/Chung cư,Căn hộ/Chung cư,Quận Bình Thạnh,Phường 22,Tp Hồ Chí Minh,,Nguyễn Hữu Cảnh,6 phút trước,10.79387,106.72032,https://cdn.chotot.com/0gqq8kmRvyNRSiiv2JFnP_rDr-xMwAi2LrPYe8qzJGE/preset:listing/plain/b6fdc12181a950c1d64076679957f1b8-2973586034435227042.jpg,4,Thành Phạm Vincentral,False,https://www.nhatot.com/130943633.htm
176781765,Bán đất lô góc 2 mặt tiền gần đường Hùng vương xã phước an.,390000000,390 triệu,3.9,100,,15,6.5,,,,5,,,,Đất,Đất,Huyện Nhơn Trạch,Xã Phước An,Đồng Nai,,Đường Hùng Vương,6 phút trước,10.664138,106.92092,https://cdn.chotot.com/kop5W6WG57909DFk90-yqFl4SuV57vMNDuti3aIyhWs/preset:listing/plain/e874fc90b683db8ddec56e803df96fac-2988870146855926535.jpg,3,Quyen Cao,False,https://www.nhatot.com/132990079.htm
177832062,Nha Dep hem xe hoi 891/18 hl2,6300000000,"6,3 tỷ",111.111115,56.7,,14.5,4,2,3,3,1,,,,Nhà ở,Nhà ở,Quận Bình Tân,Phường Bình Trị Đông,Tp Hồ Chí Minh,,891/18 Huong lo 2,6 phút trước,10.763908,106.614395,https://cdn.chotot.com/D5B3IsoNZ4c0_lxai6SMqpIFCmbZd-KKihc0kzK2jYo/preset:listing/plain/8698dc665dc504f0b1d642d15d4e8470-2995689062546688377.jpg,6,Gia Khang,False,https://www.nhatot.com/133886560.htm
178029387,Bán nhà mặt tiền thạnh Xuân 21/tx21,6700000000,"6,7 tỷ",111.666664,60,,,,,,,7,,,,"Văn phòng, Mặt bằng kinh doanh","Văn phòng, Mặt bằng kinh doanh",Quận 12,Phường Thạnh Xuân,Tp Hồ Chí Minh,,Đường Thạnh Xuân 21,7 phút trước,10.87865,106.67743,https://cdn.chotot.com/OfxYl4yBE75cBY_K68XmLjjBWUPel6wb80xNzSd31QM/preset:listing/plain/2b56ad010b4165fd8383895b1db83fc6-2996994989195862200.jpg,3,Linh,False,https://www.nhatot.com/134054843.htm
178110814,"Nhà ngay Âu Cơ - Lạc Long Quân 3x6m, 2 tầng 2PN. Giá 2.7 tỷ TL",2700000000,"2,7 tỷ",150,18,,6,3,2,2,2,,,,,Nhà ở,Nhà ở,Quận Tân Phú,Phường Phú Trung,Tp Hồ Chí Minh,,Đường Âu Cơ,7 phút trước,10.778265,106.645454,https://cdn.chotot.com/Ircqtbet2UcrmtzmOxx27Ndy7fC0Cs1RjozhY0UrsZ8/preset:listing/plain/55a8890d2bd37bd4ed8eefd94809bc10-2997473469081049692.jpg,4,Hồng,False,https://www.nhatot.com/134124461.htm
178041934,Gửi ACE 2% nhờ chạy phụ .Mua đất tặng nhà cấp 4.,1200000000,"1,2 tỷ",9.375,128,,,,1,,,,,,,Nhà ở,Nhà ở,Thành phố Phan Rang-Tháp Chàm,Phường Đô Vinh,Ninh Thuận,,Đường Minh Mạng,7 phút trước,11.636715,108.94428,https://cdn.chotot.com/XYr9CPtstIsfY7a5qgLPAnMMjacwY0WYxrR1Qu5Oi0w/preset:listing/plain/2cbd4fd7937e02517089f9a8e074658d-2997093760296044187.jpg,3,Nha dat SG,False,https://www.nhatot.com/134064897.htm
178107635,Chính Chủ gửi bán nhà 3 tầng MT Phú Lộc 21,6300000000,"6,3 tỷ",77.77778,81,,18,4.5,3,3,3,7,,,,Nhà ở,Nhà ở,Quận Liên Chiểu,Phường Hòa Minh,Đà Nẵng,,Đường Phú Lộc 22,7 phút trước,16.07851,108.16502,https://cdn.chotot.com/8RWCH3fTgwZ8pqGO5ZBAIOW-qJ3Ei-6pqO9rLRNjg3s/preset:listing/plain/fcd0a07766e1b44d7c940b5b69fcbc49-2997453515843164979.jpg,5,hoàng phúc,False,https://www.nhatot.com/134121753.htm
177987971,Nhà cấp 4 có 2 phòng ngủ phường Phú an,1380000000,"1,38 tỷ",13.269231,104,,27,4,2,1,,,,,,Nhà ở,Nhà ở,Thị xã Bến Cát,Xã Phú An,Bình Dương,,Nhánh Dt 744,7 phút trước,11.062709,106.587875,https://cdn.chotot.com/IbcS9-Ndb-KkM09bGE8ZDQWF4vO2hANjyv_DW5qusZk/preset:listing/plain/fc1365edbc417cbd02a83e4511fca23e-2996708806239078043.jpg,3,nguyễn ngân,False,https://www.nhatot.com/134020392.htm
178126492,"CH Fresca riverside,Tam Bình ,Thủ Đức 60m², 2PN, full nội thất,",2500000000,"2,5 tỷ",41.666668,60,,,,2,,,,,,,Căn hộ/Chung cư,Căn hộ/Chung cư,Thành phố Thủ Đức,Phường Bình Chiểu (Quận Thủ Đức cũ),Tp Hồ Chí Minh,,Đường số 6,7 phút trước,10.876093,106.72342,https://cdn.chotot.com/1RErt7W63_-eMCmD9D47KIstZqXfpm8gFztX_qxfxf8/preset:listing/plain/d565c203d33e7c945653b86ebc624f25-2997576685088076491.jpg,4,Nguyễn Sơn,False,https://www.nhatot.com/134137660.htm
178126485,Bán đất đã đổ móng 1 trệt 1 lầu chắc. chắn,650000000,650 triệu,14.192171,45.7999,,11.5,4,,,,,,,,Đất,Đất,Huyện Bình Chánh,Xã Vĩnh Lộc A,Tp Hồ Chí Minh,,Đường Liên Tổ 2 - 3 - 8 - 9,7 phút trước,10.821791,106.58153,https://cdn.chotot.com/3Q0F3nwNqkoGIIhJnNsFd8R2wR5yw6CMahwec5B8Uc8/preset:listing/plain/80a13e04c93ebec3abc5e69dde182b36-2997576270313943755.jpg,3,Nguyễn Thị Hoài ,False,https://www.nhatot.com/134137659.htm
177470523," CC D1 KDC PhúLợi P7Q8 2PN 71m SHR tặng hết nt, NH hỗ trợ 1,8tỷ MG 1%",2500000000,"2,5 tỷ",35.21127,71,,,,2,1,,,,,,Căn hộ/Chung cư,Căn hộ/Chung cư,Quận 8,Phường 7,Tp Hồ Chí Minh,,Phạm Thế Hiển,7 phút trước,10.71493,106.63096,https://cdn.chotot.com/G04inGmJL7V1VSzV4Qbd5zbzZb5DyiwYZrCrxRNz2y4/preset:listing/plain/c6b7d8817687112c7bf470738285d5d0-2993342905547109642.jpg,12,Thư,False,https://www.nhatot.com/133575131.htm
177777912,Ngay Phan Xích Long - 46m2 - 3 tầng BTCT - Hẻm 6m thông kinh doanh,7500000000,"7,5 tỷ",163.04347,46,,,,4,4,3,,,,,Nhà ở,Nhà ở,Quận Phú Nhuận,Phường 1,Tp Hồ Chí Minh,,Đường Phan Đình Phùng,7 phút trước,10.795442,106.68243,https://cdn.chotot.com/Y4qnPThHOdwo3kqAom5SibkNcaFePPt9xAQIGoxeTq0/preset:listing/plain/bdbbe53b23425f616819f890da117338-2997576789796327325.jpg,8,Sỹ,False,https://www.nhatot.com/133840196.htm
177933933,💥💥 NGÂN HÀNG THANH LÝ NHÀ QUẬN 6 - 2Tỷ750,2750000000,"2,75 tỷ",110.88754,24.7999,,6.55,3.66,2,2,2,1,,,,Nhà ở,Nhà ở,Quận 6,Phường 14,Tp Hồ Chí Minh,,Đường Tân Hòa Đông,7 phút trước,10.755369,106.633286,https://cdn.chotot.com/QphQVYo_jEUee2lCyA6bek4Nz1rGr92X2oePQTZp2wg/preset:listing/plain/5d68a7042b9e70e1c0c05d447fd8ca90-2996384100840054240.jpg,10,Thu Minh,False,https://www.nhatot.com/133974359.htm
178126412,CĂN HỘ TẬP THỂ TẦNG 3-KIM LIÊN-LƯƠNG ĐỊNH CỦA-NHÀ ĐẸP -Ở NGAY,3050000000,"3,05 tỷ",44.85294,68,,,,2,1,,,,,,Căn hộ/Chung cư,Căn hộ/Chung cư,Quận Đống Đa,Phường Kim Liên,Hà Nội,,Phố Lương Định Của,7 phút trước,21.00481,105.83564,https://cdn.chotot.com/5iJEsQzQYmKpeaAPn0xL6EmpwlvgkLHS-3WrplAadsY/preset:listing/plain/8560a247199593afe4e6ddfbd53bf7b7-2997573321948925853.jpg,6,LƯƠNG QUANG ĐỨC,False,https://www.nhatot.com/134137650.htm
178045325,Nhà DT 3m9x7m1 .2 lầu 4 phòng .3 wc Phạm thế hiển P7 Q8,2860000000,"2,86 tỷ",101.060425,28.2999,,7.0998,3.9,4,3,3,,,,,Nhà ở,Nhà ở,Quận 8,Phường 7,Tp Hồ Chí Minh,,Đường Phạm Thế Hiển,7 phút trước,10.710696,106.62515,https://cdn.chotot.com/2dWpm7bzDx2j97mmsr2NVqQMVCLdIaP-mY1ggJQ_6Ws/preset:listing/plain/05cd7346cbfee212fb51689b4791f20c-2997106911593034338.jpg,11,Quốc Phú,False,https://www.nhatot.com/134067922.htm
178053383,nhà bán mặt tiền đường đường Nguyễn công Trứ,21200000000,"21,2 tỷ",493.02325,43,,11,4,4,2,3,6,,,,Nhà ở,Nhà ở,Quận 1,Phường Cầu Ông Lãnh,Tp Hồ Chí Minh,,Đường Nguyễn Công Trứ,8 phút trước,10.765876,106.698166,https://cdn.chotot.com/ONVyHB7yMieOgsWtk9uo-j7jXqHp-rG1WNK3oHWOckQ/preset:listing/plain/8065df5b661ae22fa629ace48f2b08a3-2997132284620363481.jpg,8,Nguyễn quốc bảo,False,https://www.nhatot.com/134074899.htm
178083948,lô đất giá rẻ có sổ công chứng ngay,169000000,169 triệu,1.1045752,153,,26,5.5,,,,,,,,Đất,Đất,Huyện Hớn Quản,Xã An Khương,Bình Phước,,bê tông gần dt757,8 phút trước,11.721706,106.6645,https://cdn.chotot.com/dnDjzBk64i2CdXNZ-AG23hg-uUUqAaXDwTRaxQ0pwTc/preset:listing/plain/788546b959c92412fcfc50902e306fcf-2997303088055994259.jpg,1,Nguyễn Cao Minh Triết,False,https://www.nhatot.com/134101866.htm
178079555,"Bán Nền Nguyễn Văn Cừ Nối Dài  4,4 triệu/m2 , đất đẹp , cao ráo",25000000000,25 tỷ,4.372923,5717,,116.5998,47.5499,,,,3,,,,Đất,Đất,Huyện Phong Điền,Xã Mỹ Khánh,Cần Thơ,,Nguyễn văn Cừ Nối Dài,8 phút trước,9.998929,105.694046,https://cdn.chotot.com/E8TjhurC0EBknS2YNjVeo4DHnadggACv9dpKO7xbZFA/preset:listing/plain/9c20bd16c231f7f1cc5267d97e807f77-2997286314372811269.jpg,5,Thanh Phong,False,https://www.nhatot.com/134097311.htm
177752954,"Lô đất đẹp 950tr (12x45) 535m2 đường nhựa 24m Tân An Hội, Củ Chi !",950000000,950 triệu,1.7757009,535,,45,12,,,,,,,,Đất,Đất,Huyện Củ Chi,Xã Tân An Hội,Tp Hồ Chí Minh,,Đường Lê Thị Dệt,9 phút trước,10.978106,106.47782,https://cdn.chotot.com/6jV-aZRCCIWBUljAkANObwPqqVQAyKcWDZwFWJDKXsg/preset:listing/plain/386002841208630b54947070f690e33f-2995220552144032010.jpg,3,Ba Sang,False,https://www.nhatot.com/133819861.htm
178022569,"Nhà Huỳnh Thị Hai, 4x10 3PN 2WC. Xây mới 100% giữ sổ gốc. chính chủ",1690000000,"1,69 tỷ",42.25,40,,10,4,3,2,2,,,,,Nhà ở,Nhà ở,Quận 12,Phường Trung Mỹ Tây,Tp Hồ Chí Minh,,Huỳnh Thị Hai,9 phút trước,10.856544,106.614395,https://cdn.chotot.com/FT4acTrXUpjsfkgiQZp93KLPsSISwNl_qFZjTXhKAD4/preset:listing/plain/abc1b127f8ce23d1f2fcbed8c4dc9e55-2996971983321952866.jpg,5,Nhà Đất Quý An,False,https://www.nhatot.com/134049061.htm
178078528,"Chủ gởi bán trong tháng lô đất ,mặt tiền kinh doanh dt6x30m ,giá 710tr",710000000,710 triệu,3.9664805,179,,30,6,,,,,,,,Đất,Đất,Huyện Gò Dầu,Xã Phước Thạnh,Tây Ninh,,Đặng văn trước,9 phút trước,11.122874,106.2934,https://cdn.chotot.com/V2OO-BKO6VwOU7u6AsRd5AoDmF1fSTX6I1VAg6-OFHc/preset:listing/plain/672f0957055954b5f8b31f1612993a99-2997282227267470825.jpg,5,THU THẢO,False,https://www.nhatot.com/134096676.htm
176829168,🏡 BÁN NHÀ 3 TẦNG MT AN HẢI 14 - AN HẢI ,7500000000,"7,5 tỷ",144.23077,52,,,,3,4,3,,,,,Nhà ở,Nhà ở,Quận Sơn Trà,Phường An Hải Bắc,Đà Nẵng,,Đường An Hải 16,9 phút trước,16.085873,108.23692,https://cdn.chotot.com/D-lyBxn3QWxoOTPoIEQHExPQtcvGh90CxA_Q5bYER9w/preset:listing/plain/64a635f8fede555a45cb1295ad1d9a0d-2989275413715103396.jpg,12,Trần Quân Land,False,https://www.nhatot.com/133029705.htm
178097446,"Căn nhà Anh trai xây mới hiện đại FULL NT ở P16, GV, 6.8T",6800000000,"6,8 tỷ",151.11111,45,,9,5,3,4,4,2,,,,Nhà ở,Nhà ở,Quận Gò Vấp,Phường 16,Tp Hồ Chí Minh,,Đường Phạm Văn Chiêu,9 phút trước,10.851696,106.65837,https://cdn.chotot.com/broqZOIiYOUSEIou3lM47Ntq_GHNGSn9tc6-rbf8aXI/preset:listing/plain/723efdd7ee7e94a7a782699edb04a9e5-2997412987303621323.jpg,12,LeDuy,False,https://www.nhatot.com/134112923.htm
176272122,BÁN CĂN HỘ 5 SAO WYNDHAM ĐÀ NẴNG GOLDEN BAY VIÊU VỊNH TẦNG CAO,1600000000,"1,6 tỷ",40,40,,,,1,1,,2,,,,Căn hộ/Chung cư,Căn hộ/Chung cư,Quận Sơn Trà,Phường Nại Hiên Đông,Đà Nẵng,,Nại Hiên Đông,9 phút trước,16.09227,108.23095,https://cdn.chotot.com/j-DnS5RTKpPsv7aS0KHkMIrDsyGjpWxXXabF5vEd_uI/preset:listing/plain/604e0c5ff283f38872184405df939d48-2997458230013287620.jpg,9,Chuyền Nguyễn,False,https://www.nhatot.com/132552323.htm
178126436,Siêu Phẩm Đúc 6 Tầng Có Thang Máy Mặt Tiền Trung Mỹ Tây 01 Quận 12,10290000000,"10,29 tỷ",119.65116,86,,,,4,6,6,7,,,,Nhà ở,Nhà ở,Quận 12,Phường Trung Mỹ Tây,Tp Hồ Chí Minh,,Đường Trung Mỹ Tây 1,9 phút trước,10.863102,106.61304,https://cdn.chotot.com/cEn8sWOtI9pohsuseBpgAt5InX6Y8rLEMaot20wZ-Wg/preset:listing/plain/77690118f41802e4b2db3b1f7a78e890-2997576430169944779.jpg,11,Nhà Đất Sài Gòn,False,https://www.nhatot.com/134137608.htm
177162616,🏡 HẺM XE HƠI ĐẬU TRƯỚC NHÀ - 2 BƯỚC QUA AEON TÂN PHÚ - NGAY KHU CELADO,7900000000,"7,9 tỷ",111.581924,70.8,,17.28,4.0598,4,3,3,2,,,,Nhà ở,Nhà ở,Quận Bình Tân,Phường Bình Hưng Hòa,Tp Hồ Chí Minh,,Đường Hương Lộ 3,9 phút trước,10.803202,106.60989,https://cdn.chotot.com/wuVNJ_i5RT7NzpT-SzGF3Fddkj16APpyG71FkW-M7cE/preset:listing/plain/0a6dbb56b9e8f089b6c8ce80acff3e5c-2991321592517816358.jpg,12,Lê Thị Thanh Trúc,False,https://www.nhatot.com/133312091.htm
177119665,SIÊU PHẨM TÂN PHÚ- TÂN SƠN NHÌ - HẺM XE HƠI THÔNG - CÁCH ÂU CƠ 100M,6200000000,"6,2 tỷ",129.16667,48,,12,4,2,1,2,3,,,,Nhà ở,Nhà ở,Quận Tân Phú,Phường Tân Sơn Nhì,Tp Hồ Chí Minh,,Đường Nguyễn Văn Săng,10 phút trước,10.7991705,106.6345,https://cdn.chotot.com/WPld9Lcfq2hFLZEOyIKvobJgKwFu0_NJAbhUrwibA7E/preset:listing/plain/3a9cc52e5161b59a2e1d1ec90a9ef989-2991050459108851782.jpg,5,Lê Thị Thanh Trúc,False,https://www.nhatot.com/133275943.htm
177551589,"Chính chủ cần bán nhà Âu cơ,5p,",6600000000,"6,6 tỷ",103.125,64,,14,5,5,3,4,1,,,,Nhà ở,Nhà ở,Quận Tân Phú,Phường Phú Trung,Tp Hồ Chí Minh,,Đường Âu Cơ,10 phút trước,10.778265,106.645454,https://cdn.chotot.com/4IkxO4dubj13drnP_HQPW6wSsHw6zHQPQ5mxsBctcFg/preset:listing/plain/367f45b41f408e78d8a20a698ecea95b-2993881146830193823.jpg,6,ms Phối ,False,https://www.nhatot.com/133645361.htm
178084705,"Nhanh tay còn chậm tay mất, hẻm xe hơi khu Phú Mỹ F22 Bình Thạnh",6500000000,"6,5 tỷ",72.22222,90,,16,5,4,5,3,,,,,Nhà ở,Nhà ở,Quận Bình Thạnh,Phường 22,Tp Hồ Chí Minh,,Đường Phú Mỹ,10 phút trước,10.787706,106.71349,https://cdn.chotot.com/7DDqdRGrhjMjM4l_DsOa1kvkw4g2pktBdltsAOpue24/preset:listing/plain/1cfdd56677d444bca8f0dfb2d97c4251-2997307148453606091.jpg,4,Trần Quân,False,https://www.nhatot.com/134102992.htm
178099387,MÌNH CẦN BÁN NHÀ MỚI MẶT TIỀN HẺM VỪA Ở VỪA KINH DOANH,14500000000,"14,5 tỷ",123.19477,117.6998,,29,4.0998,4,5,4,8,,,,Nhà ở,Nhà ở,Quận 7,Phường Phú Mỹ,Tp Hồ Chí Minh,,Đường Chuyên Dùng Chính,10 phút trước,10.705611,106.742256,https://cdn.chotot.com/MbPUqbbyL0KqiyVs0WiPgHgcWIlv-xb1n6qdP_t93jo/preset:listing/plain/817c8bf61b8eee6d897bcabbc51bfab4-2997421743427416779.jpg,12,thu va,False,https://www.nhatot.com/134114636.htm
175269862,Đất Nền Quận 8,1800000000,"1,8 tỷ",18,100,,20,5,,,,2,,,,Đất,Đất,Quận 8,Phường 7,Tp Hồ Chí Minh,,Đường Nguyễn Văn Linh,10 phút trước,10.69799,106.624985,https://cdn.chotot.com/MDL9oPZY1G2i_R3JlBx_jHeP8oOVkOUieDmD2XfRiYU/preset:listing/plain/79d3cf7d0f4d8053a40e7b93619e2c47-2978981972883311221.jpg,4,Như Ý Nhà Đất,False,https://www.nhatot.com/131690770.htm
178074625,MẶT TIỀN ĐẤT TRỒNG CÂY TINH LỘ 873,6500000000,"6,5 tỷ",2.826087,2300,,50,12,,,,,,,,Đất,Đất,Thị xã Gò Công,Xã Bình Xuân,Tiền Giang,,Tỉnh Lộ 873,11 phút trước,10.418267,106.62324,https://cdn.chotot.com/NIUYv3uoAnOBpp6SIFSZJDuaUjLh7NdHMS-0ZfkWlyk/preset:listing/plain/73d85bf426009fa289673b916608a11e-2997266861731934923.jpg,4,Chi chuong,False,https://www.nhatot.com/134093044.htm
176562371,"Đất Xuyên Mộc, MT 15m đường nhựa đẹp, thổ 80, dt 500. Chỉ khoảng 2 tỷ",2100000000,"2,1 tỷ",2.8,750,,50,15,,,,7,,,,Đất,Đất,Huyện Xuyên Mộc,Xã Hòa Hội,Bà Rịa - Vũng Tàu,,DT 329,11 phút trước,10.627932,107.44402,https://cdn.chotot.com/1Kv2fwwjqv3llW6ltk0hqtHBb5WTGak8IcvMmh4zi7c/preset:listing/plain/04b105f35b560bb04d2b81739e7a0c51-2987702127904995910.jpg,8,Tuấn Phan,False,https://www.nhatot.com/132801918.htm
178068342,NHÀ PHỐ SIÊU VIP Q7 - NỘI THẤT CAO CẤP - ĐIỆN THÔNG MINH LUMI,18900000000,"18,9 tỷ",210,90,,18,5,3,5,4,4,,,,Nhà ở,Nhà ở,Quận 7,Phường Phú Mỹ,Tp Hồ Chí Minh,,Đường Nguyễn Lương Bằng nối dài,11 phút trước,10.707197,106.73208,https://cdn.chotot.com/YoAeZTScvOBlvqIVGwNk0Zx1cz9vTxUO-wg5XTjEKi4/preset:listing/plain/11d126c967e12c47aede645a1280c904-2997245872306674053.jpg,12,nguyenloan,False,https://www.nhatot.com/134087453.htm
178094380,BÁN ĐẤT MẶT TIỀN 280M2 TẠI QL1A - THỦ THỪA - LONG AN,5250000000,"5,25 tỷ",18.75,280,,41.5,7.65,,,,7,,,,Đất,Đất,Huyện Thủ Thừa,Xã Bình Thạnh,Long An,,Đường Quôc lộ 1,11 phút trước,10.570345,106.42558,https://cdn.chotot.com/mMVajPz3bhp9kCve0_HnxqkCTBs6XNSFsrQB6Zh1QnI/preset:listing/plain/31463a6765b8a098dc22c81ea9bc0c4e-2997402259694154443.jpg,4,Cao Lê Quí Lộc,False,https://www.nhatot.com/134110183.htm
178126377,💥Đất mặt tiền nhựa lớn 15m tại Củ Chi TPHCM,1590000000,"1,59 tỷ",10.6,150,,,,,,,,,,,Đất,Đất,Huyện Củ Chi,Xã An Nhơn Tây,Tp Hồ Chí Minh,,Đường An Nhơn Tây,11 phút trước,11.074436,106.47593,https://cdn.chotot.com/V9wvkqEF1qDZx6dBAu-XUh0IwZxNFIW4C_hh2w1BBiw/preset:listing/plain/a696cd12db3c38f18209638e9f9f7938-2997576338042518013.jpg,3,Ngân Trần,False,https://www.nhatot.com/134137571.htm
178126380,Bán nhà 3 lầu đúc BTCT mới xây 5pn hẻm 498/ Lê Hồng phong p1 Q 10,8650000000,"8,65 tỷ",221.79488,39,,13.1999,3.0999,5,4,3,7,,,,Nhà ở,Nhà ở,Quận 10,Phường 1,Tp Hồ Chí Minh,,Bán Nhà 3 Lầu Đúc BTCT 5pn Hẻm Lê Hồng Phong P1 Q10 Cũ ,11 phút trước,10.765238,106.67703,https://cdn.chotot.com/B-Q-x60tvauNS2lcLTHFhe23cGd-9s99Yaq3rWw44mM/preset:listing/plain/77ec99a8c7f4292dede75e07d638b0ef-2997575974960791257.jpg,11,BĐS Nguyễn Thị Xuân Phương,False,https://www.nhatot.com/134137564.htm
178126384,"TẶNG 3CHỈ VÀNG, CĂN MẶT TIỀN SIÊU RẺ, DT 5X10M, 4TẦNG, GIÁ CHỈ 5,2TỶ",5200000000,"5,2 tỷ",104,50,,10,5,4,4,4,,,,,Nhà ở,Nhà ở,Huyện Hóc Môn,Thị trấn Hóc Môn,Tp Hồ Chí Minh,,Đường Quốc lộ 22,11 phút trước,10.886394,106.59229,https://cdn.chotot.com/OvNSTr7Rk51X3kW0-9kse8WOOkLjj2Fq1DhUV0FsRhQ/preset:listing/plain/65efbb989cc29d316288eba7cd091dd6-2997575416388448971.jpg,3,Anh Thư,False,https://www.nhatot.com/134137562.htm
178126369,"🔴 Nhà mới (4x16m) HXH C3 Phạm Hùng, Bình Hưng, Bình Chánh. Giá: 2.3 tỷ",2300000000,"2,3 tỷ",35.9375,64,,16,4,1,,,,,,,Nhà ở,Nhà ở,Huyện Bình Chánh,Xã Bình Hưng,Tp Hồ Chí Minh,,C3 Phạm Hùng,11 phút trước,10.720011,106.670395,https://cdn.chotot.com/iGhgtmHFohUoeR9TyaZVrBjnsuRz7Y7KRnili3qwClw/preset:listing/plain/b9808a5760331c705b4e4241bd317d37-2997576312913923997.jpg,6,Cty Tâm Điền Mr Quí,False,https://www.nhatot.com/134137557.htm
178126367,Nền 90m2 Đối diện chung cư Nam  Long 2 giá 3 tỷ 990,3990000000,"3,99 tỷ",44.333332,90,,15,6,,,,6,,,,Đất,Đất,Quận Cái Răng,Phường Hưng Thạnh,Cần Thơ,,Đường Võ Nguyên Giáp,12 phút trước,10.008984,105.79187,https://cdn.chotot.com/Fhp30rwKVSG2u_-Jay5BTxhUxGU_OfOtBmJwzdmG3B0/preset:listing/plain/28d630a6fceb33b5ddb20740b83470d6-2997576233092371177.jpg,4,Lâm Khánh An,False,https://www.nhatot.com/134137550.htm
173808284,BÁN ĐẤT TRỒNG CÂY LÂU NĂM XÃ TÂN NHỰT ( TÂN KIÊN-BÌNH CHÁNH),35400000000,"35,4 tỷ",12,2950,,,,,,,,,,,Đất,Đất,Huyện Bình Chánh,Xã Tân Kiên,Tp Hồ Chí Minh,,Đường Cây Bàng,12 phút trước,10.722946,106.59089,https://cdn.chotot.com/wzMEO4gOXMSCV-VfoyxyQFi7twlMLuFRfb8u0H4QMAw/preset:listing/plain/d613c654a927eb70ab985673fd4d2a62-2968121188495583510.jpg,6,Như Lưu,False,https://www.nhatot.com/130439616.htm
173647416,ĐẤT Ở LIỀN VỚI VƯỜN SINH THÁI,1500000000,"1,5 tỷ",0.625,2400,,60,40,,,,6,,,,Đất,Đất,Huyện Thoại Sơn,Xã Bình Thành,An Giang,,Kênh C,12 phút trước,10.217959,105.20193,https://cdn.chotot.com/IV-1RqQBmY0JgCkLXqXZJ8GbnUQD6ce4x8tRe4_0Q9s/preset:listing/plain/9751fb574e17503f7ede18f872045a7b-2967007926876131549.jpg,3,Bình Trần,False,https://www.nhatot.com/130301643.htm
177556827,"Cập nhật rổ hàng căn hộ giá tốt The Rivana, Sổ sẵn hỗ trợ vay 70%",3100000000,"3,1 tỷ",42.46575,73,,,,2,2,,,,,,Căn hộ/Chung cư,Căn hộ/Chung cư,Thành phố Thuận An,Phường Vĩnh Phú,Bình Dương,,Quốc Lộ 13,11 phút trước,10.8693,106.71427,https://cdn.chotot.com/yzmDs_qil_JIB95nBUawfAHT1lp12nYoxyiTap5hl8A/preset:listing/plain/a7cb6911f76348cb997f92da92da0a25-2993926767047500420.jpg,6,TRẦN QUANG DUY,,https://www.nhatot.com/133650107.htm
178088244,Chính Chủ Cần Tiền Gấp Bán Nhanh Nhà Mặt Tiền Tân Bình HCM,23000000000,23 tỷ,227.72278,101,,15.1998,6.1999,1,2,,2,,,,Nhà ở,Nhà ở,Quận Tân Bình,Phường 8,Tp Hồ Chí Minh,,Đường Lạc Long Quân,11 phút trước,10.78341,106.65073,https://cdn.chotot.com/lAMfeHFNr3sRsglbpAeDhaL1shVHkhh_zOfVgxOG7YM/preset:listing/plain/f71f684be3cf4102a6e590287d683da2-2997328905351393995.jpg,5,Quách Quang Trung,,https://www.nhatot.com/134104894.htm
178104763,"Cần bán gấp 586 m2 đất tại xã Long Hòa, huyện Cần Đước, tỉnh Long An",2700000000,"2,7 tỷ",4.6075087,586,,25.7999,14.1997,,,,6,,,,Đất,Đất,Huyện Cần Đước,Xã Long Hòa,Long An,,ĐT826,11 phút trước,10.586263,106.57903,https://cdn.chotot.com/fxBsam9OUzXatG-5ak5i1FUUrdG_A5yIa33dVD9xIzc/preset:listing/plain/3c4f848171fbdc89d378669a7aab6ef5-2997441899550170308.jpg,3,binh,,https://www.nhatot.com/134119568.htm
178126359,Cắt lỗ lô đất 113m2 chỉ 1 tỷ 350 Gần KCN Tân Phú Trung. Sổ hồng riêng,1350000000,"1,35 tỷ",11.946902,113,,22.5,5,,,,,,,,Đất,Đất,Huyện Củ Chi,Xã Tân Phú Trung,Tp Hồ Chí Minh,,Đường Số 89,12 phút trước,10.959551,106.54191,https://cdn.chotot.com/PYbh3uDPzpFSuOvbXvCy8a9mGLxcMgM27diJotxFl9I/preset:listing/plain/bbcae501cfa59874fa3619faca5f4661-2997576126371189481.jpg,4,Trâm Anh,,https://www.nhatot.com/134137540.htm
177937184,"An về Q2 bán Cửu Long Tower 87m2 2PN NTCC giá 4,6 tỷ có TL ",4600000000,"4,6 tỷ",52.87356,87,,,,2,2,,,,,,Căn hộ/Chung cư,Căn hộ/Chung cư,Quận Bình Thạnh,Phường 13,Tp Hồ Chí Minh,,Đường Phạm Văn Đồng,12 phút trước,10.821454,106.69713,https://cdn.chotot.com/IQ-QXmaypsEtdg8lfpqNxxoj7LJBsFgKA129B0AmgqI/preset:listing/plain/2ddad68f1647923356309d4055c5888f-2996394177556602561.jpg,9,Trần Minh Thủy ,,https://www.nhatot.com/133976950.htm
175545287," Becamex Việt sing, 30 m² thang máy, bao sổ hồng 800 triệu",825000000,825 triệu,27.5,30,,,,1,1,,7,,,,Căn hộ/Chung cư,Căn hộ/Chung cư,Thành phố Thuận An,Phường Thuận Giao,Bình Dương,,Thuận Giao,12 phút trước,10.96241,106.71378,https://cdn.chotot.com/PHbSix5RNj7LZGhvPd_3YOJoJTbH3xpwDaLvrJEsa6E/preset:listing/plain/99670314d43bfdde94f27d054778b128-2980663827206974723.jpg,5,Lê Tiến Huy,,https://www.nhatot.com/131927901.htm
178072023,"CẦN BÁN CĂN HỘ BCONS SALA 2PN2WC 1TY7 BAO THUẾ PHÍ, SỔ HỒNG LÂU DÀI",1700000000,"1,7 tỷ",33.333332,51,,,,2,2,,,,,,Căn hộ/Chung cư,Căn hộ/Chung cư,Thành phố Dĩ An,Phường Dĩ An,Bình Dương,,Phan Bội Châu,12 phút trước,10.90704,106.76897,https://cdn.chotot.com/-QdUbpGBN82Bk0WEFtYBTtS9PCEd5tWvXv1A3Yz3NRc/preset:listing/plain/2ac1810111c4237994a8d4e3541e96a4-2997258205987427011.jpg,10,Nguyễn Công Khang,,https://www.nhatot.com/134090740.htm
178045019,NHÀ ĐẸP BÌNH TÂN – SÁT CHỢ GÒ XOÀI – 2PN 2WC – GIÁ 3 TỶ 850 TRIỆU,3850000000,"3,85 tỷ",115.96385,33.2,,8.5,4,2,,1,8,,,,Nhà ở,Nhà ở,Quận Bình Tân,Phường Bình Hưng Hoà A,Tp Hồ Chí Minh,,Đường Liên khu 8-9,12 phút trước,10.783572,106.60695,https://cdn.chotot.com/eWFFdlgTsnwZGefC5aU64Hu44nXNGFAdXtIm7jn7Ipo/preset:listing/plain/468096a3b452cd954b0fd5a51879b979-2997105932546922201.jpg,7,Ngọc Hân,,https://www.nhatot.com/134067686.htm
178037572,Chính chủ giảm mạnh cần bán gấp nhà Âu Dương Lân,5780000000,"5,78 tỷ",106.25,54.4,,15,3.5999,3,2,,,,,,Nhà ở,Nhà ở,Quận 8,Phường 3,Tp Hồ Chí Minh,,Đường Âu Dương Lân,12 phút trước,10.745962,106.68301,https://cdn.chotot.com/DL07nIGe_lTtFAbQK8HXqYuCcs6npeCvrwPRYl-PUBM/preset:listing/plain/dd98103ff85531cb503dcd9646294817-2997029951802896994.jpg,11,Thống Nhà đất Q8,,https://www.nhatot.com/134061624.htm
178019478,Dự án Vlasta Premier Đào Trí.,8200000000,"8,2 tỷ",81.18812,101,,,,3,2,,,,,,Căn hộ/Chung cư,Căn hộ/Chung cư,Quận 7,Phường Phú Thuận,Tp Hồ Chí Minh,,Đường Đào Trí,12 phút trước,10.73821,106.738594,https://cdn.chotot.com/k-G8PSmBRCYIrAZqWQqnmV4nthfShW9-Fhhmxz8L3Yw/preset:listing/plain/c8c098f60b21b1583a3771f27a2ff4d3-2996956952485180652.jpg,10,Alfred Phạm,,https://www.nhatot.com/134046432.htm
178099644,Đất gò dầu 95m2 có sổ sẵn,520000000,520 triệu,5.4736843,95,,19,5,,,,,,,,Đất,Đất,Huyện Gò Dầu,Xã Phước Đông,Tây Ninh,,26,12 phút trước,11.120918,106.32872,https://cdn.chotot.com/2HZsppQ7d8eswr73m5STkg1hvyMnLRxEKWLfkE0hdys/preset:listing/plain/d2236fcf1928d0704cc34a1ce1e34714-2997420248746839794.jpg,3,Mỹ hạnh,,https://www.nhatot.com/134118312.htm
178126346,"NHÀ PHỐ XUÂN ĐỈNH 32M 5 TẦNG MT 4.3M GIÁ 7,x TỶ - CÁCH MẶT PHỐ 30M",7500000000,"7,5 tỷ",234.375,32,,,4.1999,4,4,,,,,,Nhà ở,Nhà ở,Quận Bắc Từ Liêm,Phường Xuân Đỉnh,Hà Nội,,Ngõ 290 Xuân Đỉnh,12 phút trước,21.072073,105.79273,https://cdn.chotot.com/FuRLTEz1rYTievLevG09CJs3pIgAL-1wlxr3w_kmV3k/preset:listing/plain/719298bf0259c16fe3f46e723a1104c9-2997576212065259225.jpg,5,Trọng Duy,,https://www.nhatot.com/134137528.htm
178126337,"Bán đất 57m2 Ngô Chí Quốc, Thủ Đức, Hẻm 7m, Sổ sẵn",3200000000,"3,2 tỷ",56.14035,57,,13,4.3,,,,6,,,,Đất,Đất,Thành phố Thủ Đức,Phường Bình Chiểu (Quận Thủ Đức cũ),Tp Hồ Chí Minh,,Đường Ngô Chí Quốc,12 phút trước,10.877589,106.72641,https://cdn.chotot.com/0CXSMaYqckmkE_C14WMFYjjwyenPXMtfktfBAjjaa1I/preset:listing/plain/f0358aeca137d2598981cc6d0df7ff67-2997568995427341033.jpg,3,Nguyễn Sơn,,https://www.nhatot.com/134137527.htm
177711404,Ngộp Lãi Chính Chủ Cần Bán Lô Đất Gần Chợ Bình Chánh,920000000,920 triệu,11.5,80,,16,5,,,,,,,,Đất,Đất,Huyện Bình Chánh,Xã Bình Chánh,Tp Hồ Chí Minh,,Đường Hoàng Phan Thái,12 phút trước,10.668723,106.56119,https://cdn.chotot.com/6PWXB35vwNR7YeejijMIt8zf9bTx-hwMwuDkKk5ntjs/preset:listing/plain/9d1f939b618202a7d3df5c398b4e99c4-2994946093148853104.jpg,3,Hương ,,https://www.nhatot.com/133783385.htm
178126341,"Bán nhà Chùa Bộc Đống Đa, 37m² x 5 tầng, ô tô đỗ cửa, giá 13,8 tỷ",13800000000,"13,8 tỷ",372.97296,37,,,,4,4,5,,,,,Nhà ở,Nhà ở,Quận Đống Đa,Phường Khương Thượng,Hà Nội,,Phố Chùa Bộc,13 phút trước,21.003044,105.82829,https://cdn.chotot.com/Cha8YLhw3Hj4Ud_KfqHwDG5e5gh13APkCI4I1nL8Qtw/preset:listing/plain/8300fc17599b5f507d89c79f5dfc3b5d-2997575934353396457.jpg,6,Huyền Địa Ốc,,https://www.nhatot.com/134137526.htm
178126343,Nhà đẹp xe hơi tới cửa gan Lê Quang Định 55m2 _5T chính chủ gấp bán,8500000000,"8,5 tỷ",154.54546,55,,12,4,5,6,5,,,,,Nhà ở,Nhà ở,Quận Bình Thạnh,Phường 7,Tp Hồ Chí Minh,,Đường Lê Quang Định,13 phút trước,10.809566,106.692924,https://cdn.chotot.com/ETeSlv0fqsPuqGshzJylMrEzyRWtGQI2Mx77s5Cwb0Y/preset:listing/plain/a818c7ef2648d352cd42bc5df31e694a-2997575241318724735.jpg,4,em Mến nhà phố,,https://www.nhatot.com/134137525.htm
175284925,🚀 ĐÓN ĐẦU SÓNG - ĐẤT NỀN PHƯỜNG TP TRUNG ƯƠNG DẦU GIÂY 🚀 GIÁ = 1/4,739000000,739 triệu,6.00813,123,,,,,,,,,,,Đất,Đất,Huyện Thống Nhất,Thị trấn Dầu Giây,Đồng Nai,,Đường Quốc lộ 20,13 phút trước,10.945021,107.1402,https://cdn.chotot.com/iQ7L7NBUh1EHaReRA0pQAzPUi5NUDFW88i9Qk-GfeF4/preset:listing/plain/08422d6e3b26838e14d4c9dac078c407-2979031812397346533.jpg,3,Dân Thường Bán Đất,,https://www.nhatot.com/131703815.htm
178126323,"Bán căn hộ Huế Heritage - Đất vàng mặt tiền Đống Đa, trung tâm TP Huế",4700000000,"4,7 tỷ",56.626507,83,,,,3,2,,,,,,Căn hộ/Chung cư,Căn hộ/Chung cư,Thành phố Huế,Phường Phú Nhuận,Thừa Thiên Huế,,"Phường Phú Nhuận, TP. Huế, tỉnh Thừa Thiên Huế",13 phút trước,16.459648,107.596375,https://cdn.chotot.com/kifHlsaTLvlZyBViNWbc0CqW4Hguh4WJ_Rdh6zjWlpE/preset:listing/plain/343493843cf515976d80fb9edc6585ca-2997573730411632850.jpg,8,Vi Đặng,,https://www.nhatot.com/134137513.htm
178018733,"Bán nhà mặt tiền gần chợ Hưng Long, An Phú Tây",2600000000,"2,6 tỷ",23.11111,112.5,,25,4.5,4,2,2,,,,,Nhà ở,Nhà ở,Huyện Cần Giuộc,Xã Long Thượng,Long An,,Nguyễn Thị Chanh,13 phút trước,10.644488,106.6085,https://cdn.chotot.com/mabAjWbGbw4GnAx1-5JvbI4AHHeC3zfdWEUI8c_9UKw/preset:listing/plain/06d6c6205266ece8ac9cd15fc5bbb93a-2996958696213109885.jpg,6,Nguyen Thai,,https://www.nhatot.com/134045895.htm
178111034,Bán lô đất mt đại la 2 liên chiểu gần Hoàng Văn Thái,2470000000,"2,47 tỷ",26,95,,18,5,,,,6,,,,Đất,Đất,Quận Liên Chiểu,Phường Hòa Khánh Nam,Đà Nẵng,,Đại La 2,13 phút trước,16.053411,108.148796,https://cdn.chotot.com/XGgdgrpY8l4_bKQu7RJ7INauS5kok7p8qlmMIAjakTk/preset:listing/plain/6b48f6919266ddc253abe06d3e18b499-2997476608857640665.jpg,3,Bảo Thy,,https://www.nhatot.com/134124635.htm
